order,timeline_start,timeline_end,source_start,source_end,kind,story_beat,audio_level,narration,purpose,clip
1,0.0,14.033,101.791,115.791,hook_teaser,cold_open,0.16,모두를 살릴 유일한 남자. 그런데 왜 감염자들은 그를 공격하지 않았을까요?,감염자들이 백신을 자처한 남자를 공격하지 않는 이유를 질문해 핵심 미스터리를 연다.,clips_v4_curiosity_hook\clip_001_hook_teaser.mp4
2,14.033,36.066,150,172,narration,setup,0.18,이곳에 모인 사람들은 곧 끔찍한 실험에 갇힙니다.,참사가 시작될 공간과 그 안에 모인 사람들을 빠르게 소개한다.,clips_v4_curiosity_hook\clip_002_narration.mp4
3,36.066,58.099,230,252,narration,setup,0.18,그리고 이 기술은 인간까지 하나로 연결할 수 있었죠.,체인스 바이오의 연구가 이후 감염 사태와 연결될 기반을 놓는다.,clips_v4_curiosity_hook\clip_003_narration.mp4
4,58.099,80.132,268,290,movie_dialogue,setup,0.94,,영화 전체의 감염 원리를 예고하는 집단 지성 개념을 원음으로 각인한다.,clips_v4_curiosity_hook\clip_004_movie_dialogue.mp4
5,80.132,102.165,350,372,narration,setup,0.17,평범했던 인연은 곧 살아남아야 할 이유가 됩니다.,"규성과 세정, 나윤과 현석의 관계를 후일의 희생과 선택에 연결한다.",clips_v4_curiosity_hook\clip_005_narration.mp4
6,102.165,124.232,490,512,narration,inciting_incident,0.19,하지만 테러는 이미 시작된 뒤였습니다.,대테러 팀의 경고를 통해 발표회 이면의 위협을 드러낸다.,clips_v4_curiosity_hook\clip_006_narration.mp4
7,124.232,146.265,600,622,narration,inciting_incident,0.18,그의 복수는 모두의 개별성을 지우려는 실험이었죠.,서영철과 강우철의 개인적 원한을 테러의 기원으로 연결한다.,clips_v4_curiosity_hook\clip_007_narration.mp4
8,146.265,168.298,642,664,movie_dialogue,inciting_incident,0.96,,서영철이 대량 감염을 진화이자 신인류의 탄생으로 믿는다는 사실을 밝힌다.,clips_v4_curiosity_hook\clip_008_movie_dialogue.mp4
9,168.298,190.365,790,812,narration,inciting_incident,0.2,"잠시 뒤, 신인류라는 말이 현실이 됩니다.",서영철의 선언이 실제 이상 증세와 봉쇄 요청으로 전환되는 순간을 압축한다.,clips_v4_curiosity_hook\clip_009_narration.mp4
10,190.365,212.398,850,872,montage,rising_action,0.19,사람들은 출구가 아닌 감염 구역으로 몰려듭니다.,대피 방송과 혼란을 묶어 빌딩 전체가 위험 구역으로 변했음을 보여 준다.,clips_v4_curiosity_hook\clip_010_montage.mp4
11,212.398,234.431,980,1002,narration,rising_action,0.17,"혼자가 되는 순간, 표적이 됩니다.",주요 생존자들이 한데 모이는 과정을 협력의 시작으로 정리한다.,clips_v4_curiosity_hook\clip_011_narration.mp4
12,234.431,256.464,1100,1122,montage,rising_action,0.21,그리고 놈들은 고통도 두려움도 느끼지 않았죠.,감염자들의 공격성을 체감시키고 생존자들의 이동 선택을 재촉한다.,clips_v4_curiosity_hook\clip_012_montage.mp4
13,256.464,278.497,1187,1209,movie_dialogue,rising_action,0.94,,무질서한 공격이 예고된 생물학적 테러의 결과임을 생존자들에게 확정한다.,clips_v4_curiosity_hook\clip_013_movie_dialogue.mp4
14,278.497,300.564,1280,1302,narration,rising_action,0.18,그때 규성은 학생들을 구할 유인책을 자처합니다.,위험에 남겨진 학생들을 구할지를 첫 공동체적 선택으로 제시한다.,clips_v4_curiosity_hook\clip_014_narration.mp4
15,300.564,322.63,1410,1432,montage,rising_action,0.2,단 한 명만 늦어도 모두가 죽는 작전.,감염자를 분산시키는 구조 작전과 즉흥적인 협력을 속도감 있게 전달한다.,clips_v4_curiosity_hook\clip_015_montage.mp4
16,322.63,344.663,1570,1592,narration,rising_action,0.16,결국 규성은 돌아오지 못합니다.,규성의 희생을 세정의 감정선과 생존자들의 죄책감에 연결한다.,clips_v4_curiosity_hook\clip_016_narration.mp4
17,344.663,366.696,1760,1782,narration,rising_action,0.18,"설상가상, 정부는 건물 전체를 봉쇄합니다.",외부 구조가 차단되면서 생존자들이 스스로 탈출 조건을 만들어야 함을 강조한다.,clips_v4_curiosity_hook\clip_017_narration.mp4
18,366.696,388.73,1850,1872,narration,rising_action,0.19,유일한 희망은 테러범 서영철의 몸속에 있었습니다.,막연한 탈출을 서영철 확보라는 구체적인 목표로 전환할 준비를 한다.,clips_v4_curiosity_hook\clip_018_narration.mp4
19,388.73,410.796,1909,1931,movie_dialogue,rising_action,0.95,,서영철을 찾아 밖으로 데려가면 모두 구조될 수 있다는 새 목표를 원음으로 제시한다.,clips_v4_curiosity_hook\clip_019_movie_dialogue.mp4
20,410.796,432.862,1996,2018,movie_dialogue,rising_action,0.93,,집단 지성의 정보망에 거짓 정보를 넣는 생존자들의 첫 능동적 작전을 설명한다.,clips_v4_curiosity_hook\clip_020_movie_dialogue.mp4
21,432.862,454.896,2180,2202,narration,rising_action,0.17,세정은 놈들의 집단 지성을 역이용합니다.,감염자들의 정보 교환 방식을 냄새를 이용한 유인책과 연결한다.,clips_v4_curiosity_hook\clip_021_narration.mp4
22,454.896,476.929,2400,2422,montage,rising_action,0.2,속임수가 통하는 동안 층을 가로질러야 합니다.,가설을 실제 이동 작전으로 시험하는 과정의 불확실성과 긴장을 축적한다.,clips_v4_curiosity_hook\clip_022_montage.mp4
23,476.929,498.995,2660,2682,narration,rising_action,0.18,마침내 찾은 서영철. 하지만 그는 구조를 원하지 않았죠.,서영철이 있는 3층 도착을 작전의 성과이자 다음 위험의 문턱으로 만든다.,clips_v4_curiosity_hook\clip_023_narration.mp4
24,498.995,521.061,2710,2732,narration,reversal,0.19,이제 그를 옥상까지 직접 데려가야 합니다.,서영철 확보 뒤에도 옥상까지 직접 호송해야 한다는 추가 조건을 제시한다.,clips_v4_curiosity_hook\clip_024_narration.mp4
25,521.061,543.128,2830,2852,montage,reversal,0.2,그런데 서영철이 도망칩니다.,서영철의 도주로 백신 확보 작전이 다시 추격전으로 바뀌는 순간을 보여 준다.,clips_v4_curiosity_hook\clip_025_montage.mp4
26,543.128,565.194,2954,2976,movie_dialogue,reversal,0.96,,감염자들이 서영철을 공격하지 않는 현상으로 백신 주장을 강화한다.,clips_v4_curiosity_hook\clip_026_movie_dialogue.mp4
27,565.194,587.26,3000,3022,narration,reversal,0.18,놈들은 이제 인간의 움직임까지 흉내 냅니다.,감염자들의 모방 행동과 CCTV 추적 계획을 다음 단계의 위협으로 연결한다.,clips_v4_curiosity_hook\clip_027_narration.mp4
28,587.26,609.294,3050,3072,narration,rising_action,0.17,한편 조사팀은 감염망의 중심이 따로 있음을 알아냅니다.,외부 조사 팀의 발견을 통해 감염망에 중심 개체가 존재할 가능성을 제시한다.,clips_v4_curiosity_hook\clip_028_narration.mp4
29,609.294,631.327,3230,3252,narration,rising_action,0.18,CCTV 속 움직임에는 이상한 규칙이 있었습니다.,통제실 도착을 안전 확보가 아니라 감염망 관찰의 시작으로 전환한다.,clips_v4_curiosity_hook\clip_029_narration.mp4
30,631.327,653.36,3425,3447,movie_dialogue,rising_action,0.94,,서영철이 감염자들의 시야를 공유할 수 있다는 가설을 원음으로 명확히 한다.,clips_v4_curiosity_hook\clip_030_movie_dialogue.mp4
31,653.36,675.426,3500,3522,narration,rising_action,0.19,보고 있는 쪽은 오히려 서영철이었습니다.,추적 대상이 오히려 생존자들을 감시한다는 관계 역전을 강조한다.,clips_v4_curiosity_hook\clip_031_narration.mp4
32,675.426,697.46,3570,3592,narration,rising_action,0.18,그리고 그는 최초 감염자 강우철에게 향합니다.,서영철이 강우철을 찾아가는 움직임을 두 인물의 재대결과 새 반전으로 연결한다.,clips_v4_curiosity_hook\clip_032_narration.mp4
33,697.46,719.493,3610,3632,narration,reversal,0.2,"물린 뒤, 서영철에게 더 이상한 변화가 시작됩니다.",강우철에게 물린 서영철의 변화가 백신 전제에 균열을 내도록 한다.,clips_v4_curiosity_hook\clip_033_narration.mp4
34,719.493,741.526,3720,3742,montage,reversal,0.21,순간 흩어진 감염자들이 하나처럼 움직입니다.,감염자들의 조직적인 움직임으로 서영철의 통제력이 실제임을 입증한다.,clips_v4_curiosity_hook\clip_034_montage.mp4
35,741.526,763.559,3810,3832,movie_dialogue,reversal,0.97,,서영철이 감염망의 능동적인 조종자라는 중반 핵심 반전을 확정한다.,clips_v4_curiosity_hook\clip_035_movie_dialogue.mp4
36,763.559,785.592,3850,3872,narration,crisis,0.16,말하는 순간 계획이 들킵니다. 남은 방법은 문자뿐.,말로 세운 계획이 서영철에게 노출될 수 있어 문자만 써야 하는 제약을 추가한다.,clips_v4_curiosity_hook\clip_036_narration.mp4
37,785.592,807.626,4012,4034,movie_dialogue,crisis,0.94,,집단의 생존을 위해 나윤을 버리자는 냉혹한 판단을 원음으로 충돌시킨다.,clips_v4_curiosity_hook\clip_037_movie_dialogue.mp4
38,807.626,829.659,4110,4132,narration,crisis,0.15,현석은 누나와 모두의 생존 사이에서 선택해야 합니다.,현석의 가족 구출과 서영철 호송 사이의 선택을 감정적 위기로 확장한다.,clips_v4_curiosity_hook\clip_038_narration.mp4
39,829.659,851.725,4200,4222,movie_dialogue,crisis,0.96,,나윤이 자신의 구조를 포기하고 동생에게 마지막 길을 알려 주는 감정적 정점을 살린다.,clips_v4_curiosity_hook\clip_039_movie_dialogue.mp4
40,851.725,873.758,4310,4332,narration,rising_action,0.18,밖에서는 구조가 아닌 진압을 준비합니다.,정부가 구조보다 진압과 책임 회피를 우선하는 후반부 갈등을 제시한다.,clips_v4_curiosity_hook\clip_040_narration.mp4
41,873.758,895.825,4458,4480,movie_dialogue,rising_action,0.94,,핵심 개체를 제거하면 전체가 멈춘다는 원숭이 실험 결과를 원음으로 전달한다.,clips_v4_curiosity_hook\clip_041_movie_dialogue.mp4
42,895.825,917.891,4700,4722,narration,rising_action,0.18,하지만 그 가설을 시험할 기회는 단 한 번뿐.,실험 결과가 인간 감염망에 성급히 적용되는 논리적 위험을 강조한다.,clips_v4_curiosity_hook\clip_042_narration.mp4
43,917.891,939.957,4984.7,5006.7,movie_dialogue,rising_action,0.95,,CCTV 분석이 강우철을 최초 감염자이자 진압 목표로 확정하는 순간을 살린다.,clips_v4_curiosity_hook\clip_043_movie_dialogue.mp4
44,939.957,961.991,5010,5032,narration,reversal,0.19,옥상 구조와 강우철 사살이 동시에 시작됩니다.,생존자들의 위치 전달과 정부 진압 작전이 동시에 시작되도록 연결한다.,clips_v4_curiosity_hook\clip_044_narration.mp4
45,961.991,984.057,5200,5222,montage,reversal,0.2,모두가 이 한 발이면 끝난다고 믿었습니다.,강우철 사살 직전의 교차 편집으로 두 구조 계획에 걸린 기대를 끌어올린다.,clips_v4_curiosity_hook\clip_045_montage.mp4
46,984.057,1006.09,5446,5468,movie_dialogue,reversal,0.98,,확인 사살 직후에도 감염자들이 움직인다는 실패 반전을 원음으로 폭발시킨다.,clips_v4_curiosity_hook\clip_046_movie_dialogue.mp4
47,1006.09,1028.123,5469,5491,narration,reversal,0.21,하지만 놈들은 멈추지 않았습니다.,정부의 가설 실패가 구조 팀과 생존자들의 마지막 희망을 동시에 무너뜨렸음을 정리한다.,clips_v4_curiosity_hook\clip_047_narration.mp4
48,1028.123,1050.157,5560,5582,narration,reversal,0.17,마침내 세정과 서영철이 마주합니다.,서영철과 권세정의 대면을 과거 연구비 사건과 현재 테러의 사상적 결산으로 만든다.,clips_v4_curiosity_hook\clip_048_narration.mp4
49,1050.157,1072.223,5750,5772,narration,reversal,0.18,그가 원하는 건 복수가 아닌 강제된 하나의 의식.,서영철의 개인적 피해 의식이 인류 전체를 연결하려는 극단적 해답으로 변했음을 설명한다.,clips_v4_curiosity_hook\clip_049_narration.mp4
50,1072.223,1094.256,5881,5903,movie_dialogue,reversal,0.96,,모든 인간의 뇌를 하나로 연결하겠다는 서영철의 최종 목적을 직접 들려준다.,clips_v4_curiosity_hook\clip_050_movie_dialogue.mp4
51,1094.256,1122.523,5904.782,5933.0,movie_dialogue,cliffhanger,0.96,,서영철의 사상을 보여 주되 감염망의 진짜 중심에 관한 최종 반전은 숨긴다.,clips_v4_curiosity_hook\clip_051_movie_dialogue.mp4
52,1122.523,1142.756,5942.82,5963.0,movie_dialogue,cliffhanger,0.96,,백신 확보 작전이 성공한 것처럼 보여 주어 이후 결과에 대한 기대를 만든다.,clips_v4_curiosity_hook\clip_052_movie_dialogue.mp4
53,1142.756,1167.489,5990.826,6015.5,movie_dialogue,cliffhanger,0.96,,백신만 확보한 채 남은 사람들을 버리려는 외부의 판단으로 갈등을 끌어올린다.,clips_v4_curiosity_hook\clip_053_movie_dialogue.mp4
54,1167.489,1190.488,6070.156,6093.137,movie_dialogue,cliffhanger,0.96,,최초 감염자를 제거하면 끝난다는 가설까지만 공개하고 정답은 보여 주지 않는다.,clips_v4_curiosity_hook\clip_054_movie_dialogue.mp4
55,1190.488,1196.522,6093.2,6099.2,ending_teaser,cliffhanger,0.16,"과연 그들이 구해낸 것은, 정말 백신이었을까요?",오프닝의 질문을 회수하되 정답은 숨긴 채 영화 시청 욕구를 남긴다.,clips_v4_curiosity_hook\clip_055_ending_teaser.mp4
